map_file,scen_file,solver,agents,solved,makespan,path_cost, longest_path, runtime_us,ll_nodes_generated, ll_nodes_expanded, hl_nodes_generated, hl_nodes_expanded
data/gen_map.txt,data/gen_scen.txt,pibt-astar,500,1,504,126750,496,41168,0,0,0,0
data/gen_map.txt,data/gen_scen.txt,pibt-astar,500,1,504,126750,496,40022,0,0,0,0
data/gen_map.txt,data/gen_scen.txt,pibt-astar,50,1,55,1475,51,507,0,0,0,0
data/gen_map.txt,data/gen_scen.txt,pibt-astar,500,1,504,126750,0,393867,0,0,0,0
data/gen_map.txt,data/gen_scen.txt,pibt-astar,500,1,504,126750,0,564874,0,0,0,0
data/gen_map.txt,data/gen_scen.txt,pibt-astar,500,1,504,126750,0,601010,0,0,0,0
Validation: SUCCESS
data/gen_map.txt,data/gen_scen.txt,pibt-astar,500,1,504,126750,0,2.69444e+06,0,0,0,0
Validation: SUCCESS
data/gen_map.txt,data/gen_scen.txt,pibt-astar,500,1,504,126750,0,567320,0,0,0,0
Validation: SUCCESS
data/gen_map.txt,data/gen_scen.txt,pibt-astar,500,1,504,126750,0,538695,0,0,0,0
data/gen_map.txt,data/gen_scen.txt,pibt-astar,500,0,0,0,0,449290,0,0,0,0
Validation: SUCCESS
data/gen_map.txt,data/gen_scen.txt,pibt-astar,500,1,504,126750,0,407973,0,0,0,0
Validation: SUCCESS
data/gen_map.txt,data/gen_scen.txt,pibt-astar,500,1,504,126750,0,434783,0,0,0,0
Validation: SUCCESS
data/gen_map.txt,data/gen_scen.txt,pibt-astar,2000,1,2053,2105000,0,1.33542e+06,0,0,0,0
Validation: SUCCESS
data/gen_map.txt,data/gen_scen.txt,pibt-astar,500,1,504,126750,496,41870,0,0,0,0
Validation: SUCCESS
data/gen_map.txt,data/gen_scen.txt,pibt-astar,500,1,504,126750,496,39103,0,0,0,0
Validation: SUCCESS
data/gen_map.txt,data/gen_scen.txt,pibt-astar,500,1,504,126750,496,44360,0,0,0,0
Validation: SUCCESS
data/gen_map.txt,data/gen_scen.txt,pibt-astar,700,1,704,247450,663,2.17718e+06,0,0,0,0
Validation: SUCCESS
data/gen_map.txt,data/gen_scen.txt,pibt-astar,550,1,573,120402,0,119508,0,0,0,0
Validation: SUCCESS
data/gen_map.txt,data/gen_scen.txt,pibt-astar,550,1,555,153725,0,1.01982e+06,0,0,0,0
Validation: SUCCESS
data/gen_map.txt,data/gen_scen.txt,pibt-astar,550,1,555,153725,0,1.27594e+06,0,0,0,0
Validation: SUCCESS
data/gen_map.txt,data/gen_scen.txt,pibt-astar,550,1,555,153725,216,617241,0,0,0,0
Validation: SUCCESS
data/gen_map.txt,data/gen_scen.txt,pibt-astar,550,1,555,153725,364,1.05236e+06,0,0,0,0
Validation: SUCCESS
data/gen_map.txt,data/gen_scen.txt,pibt-astar,550,1,555,153725,216,614614,0,0,0,0
Validation: SUCCESS
data/gen_map.txt,data/gen_scen.txt,pibt-astar,550,1,555,153725,364,676946,0,0,0,0
Validation: SUCCESS
data/gen_map.txt,data/gen_scen.txt,pibt-astar,550,1,555,153725,364,683193,0,0,0,0
